mp_name_official,constituency,state,party
Bishnu Pada Ray,Andaman and Nicobar Islands,Andaman And Nicobar Islands,BJP
C M Ramesh,Anakapalle,Andhra Pradesh,BJP
Chandra Sekhar Pemmasani,Guntur,Andhra Pradesh,TDP
B K Parthasarathi,Hindupur,Andhra Pradesh,TDP
Bastipati Nagaraju,Kurnool,Andhra Pradesh,TDP
Balashowry Vallabhaneni,Machilipatnam,Andhra Pradesh,JSP
Srinivasa Varma B J P Varma Bhupathiraju,Narsapuram,Andhra Pradesh,BJP
D. Purandeswari,Rajahmundry,Andhra Pradesh,BJP
Tapir Gao,Arunachal East,Arunachal Pradesh,BJP
Kiren Rijiju,Arunachal West,Arunachal Pradesh,BJP
Phani Bhusan Choudhury,Barpeta,Assam,AGP
Sarbananda Sonowal,Dibrugarh,Assam,BJP
Amarsing Tisso,Diphu,Assam,BJP
Bijuli Kalita Medhi,Guwahati,Assam,BJP
Kamakhya Prasad Tasa,Kaziranga,Assam,BJP
Joyanta Basumatary,Kokrajhar,Assam,UPPL
Pradan Baruah,Lakhimpur,Assam,BJP
Parimal Suklabaidya,Silchar,Assam,BJP
Ranjit Dutta,Sonitpur,Assam,BJP
Pradeep Kumar Singh,Araria,Bihar,BJP
Sudama Prasad,Arrah,Bihar,C
Abhay Kumar Sinha,Aurangabad,Bihar,RJD
Giriraj Singh,Begusarai,Bihar,BJP
Gopal Jee Thakur,Darbhanga,Bihar,BJP
Jitan Ram Manjhi,Gaya,Bihar,HAM (S)
Alok Kumar Suman,Gopalganj,Bihar,JD(U)
Surendra Prasad Yadav,Jahanabad,Bihar,RJD
Arun Bharti,Jamui,Bihar,L
Ramprit Mandal,Jhanjharpur,Bihar,JD(U)
Rajesh Verma,Khagaria,Bihar,L
Dinesh Chandra Yadav,Madhepura,Bihar,JD(U)
Ashok Kumar Yadav,Madhubani,Bihar,BJP
Raj Bhushan Choudhary,Muzaffarpur,Bihar,BJP
Misha Bharti,Pataliputra,Bihar,RJD
Ravi Shankar Prasad,Patna Sahib,Bihar,BJP
Radha Mohan Singh,Purvi Champaran,Bihar,BJP
Shambhavi,Samastipur,Bihar,L
Manoj Kumar,Sasaram,Bihar,INC
Lovely Anand,Sheohar,Bihar,JD(U)
Devesh Chandra Thakur,Sitamarhi,Bihar,JD(U)
Vijaylakshmi Devi,Siwan,Bihar,JD(U)
Veena Devi,Vaishali,Bihar,L
Sunil Kumar,Valmiki Nagar,Bihar,JD(U)
Tokhan Sahu,Bilaspur,Chhattisgarh,BJP
Jyotsna Charandas Mahant,Korba,Chhattisgarh,INC
Roopkumari Choudhary,Mahasamund,Chhattisgarh,BJP
Radheshyam Rathiya,Raigarh,Chhattisgarh,BJP
Brijmohan Agrawal,Raipur,Chhattisgarh,BJP
Praveen Khandelwal,Chandni Chowk,Delhi,BJP
Harsh Malhotra,East Delhi,Delhi,BJP
Bansuri Swaraj,New Delhi,Delhi,BJP
Manoj Tiwari,North East Delhi,Delhi,BJP
Yogender Chandolia,North West Delhi,Delhi,BJP
Shripad Yesso Naik,North Goa,Goa,BJP
Hasmukhbhai Somabhai Patel,Ahmedabad East,Gujarat,BJP
Bharatbhai Manubhai Sutariya,Amreli,Gujarat,BJP
Geniben Nagaji Thakor,Banaskantha,Gujarat,INC
Nimuben Jayantibhai Bambhaniya,Bhavnagar,Gujarat,BJP
Jashubhai Bhilubhai Rathva,Chhota Udaipur,Gujarat,BJP
Jaswantsinh Sumanbhai Bhabhor,Dahod,Gujarat,BJP
Amit Shah,Gandhinagar,Gujarat,BJP
Haribhai Patel,Mahesana,Gujarat,BJP
Rajpalsinh Mahendrasinh Jadav,Panchmahal,Gujarat,BJP
Bharatsinhji Shankarji Dabhi,Patan,Gujarat,BJP
Mansukh Mandaviya,Porbandar,Gujarat,BJP
Parshottambhai Rupala,Rajkot,Gujarat,BJP
Shobhanaben Mahendrasinh Baraiya,Sabarkantha,Gujarat,BJP
Mukeshkumar Chandrakaant Dalal,Surat,Gujarat,BJP
Chandubhai Chhaganbhai Shihora,Surendranagar,Gujarat,BJP
Hemang Joshi,Vadodara,Gujarat,BJP
Dhaval Laxmanbhai Patel,Valsad,Gujarat,BJP
Krishan Pal Gurjar,Faridabad,Haryana,BJP
Rao Inderjit Singh,Gurgaon,Haryana,BJP
Jai Parkash,Hisar,Haryana,INC
Manohar Lal,Karnal,Haryana,BJP
Deepender Singh Hooda,Rohtak,Haryana,INC
Kumari Selja,Sirsa,Haryana,INC
Satpal Brahamchari,Sonipat,Haryana,INC
Kangna Ranaut,Mandi,Himachal Pradesh,BJP
Mian Altaf Ahmad,Anantnag-Rajouri,Jammu And Kashmir,J&KNC
Abdul Rashid Sheikh,Baramulla,Jammu And Kashmir,Ind.
Aga Syed Ruhullah Mehdi,Srinagar,Jammu And Kashmir,J&KNC
Jitendra Singh,Udhampur,Jammu And Kashmir,BJP
Kali Charan Singh,Chatra,Jharkhand,BJP
Nalin Soren,Dumka,Jharkhand,JMM
Nishikant Dubey,Godda,Jharkhand,BJP
Kali Charan Munda,Khunti,Jharkhand,INC
Annpurna Devi,Kodarma,Jharkhand,BJP
Sukhdeo Bhagat,Lohardaga,Jharkhand,INC
Vijay Kumar Hansdak,Rajmahal,Jharkhand,JMM
Joba Majhi,Singhbhum,Jharkhand,JMM
C N Manjunath,Bangalore Rural,Karnataka,BJP
Sagar Eshwar Khandre,Bidar,Karnataka,INC
Ramesh Chandappa Jigajinagi,Bijapur,Karnataka,BJP
Priyanka Satish Jarkiholi,Chikkodi,Karnataka,INC
Govind Makthappa Karjol,Chitradurga,Karnataka,BJP
Captain Brijesh Chowta,Dakshina Kannada,Karnataka,BJP
Radhakrishna,Gulbarga,Karnataka,INC
Shreyas M Patel,Hassan,Karnataka,INC
Basavaraj Bommai,Haveri,Karnataka,BJP
M Mallesh Babu,Kolar,Karnataka,JD(S)
K Rajashekar Basavaraj Hitnal,Koppal,Karnataka,INC
H D Kumaraswamy,Mandya,Karnataka,JD(S)
Yaduveer Wadiyar,Mysore,Karnataka,BJP
G Kumar Naik,Raichur,Karnataka,INC
V Somanna,Tumkur,Karnataka,BJP
Kota Srinivasa Poojary,Udupi Chikmagalur,Karnataka,BJP
Vishweshwar Hegde Kageri,Uttara Kannada,Karnataka,BJP
K Radhakrishnan,Alathur,Kerala,CPI(M)
M P Abdussamad Samadani,Ponnani,Kerala,IUML
Suresh Gopi,Thrissur,Kerala,BJP
Priyanka Gandhi Vadra,Wayanad,Kerala,INC
Mohmad Haneefa,Ladakh,Ladakh,Ind.
Muhammed Hamdullah Sayeed,Lakshadweep,Lakshadweep,INC
Durgadas D D Uikey,Betul,Madhya Pradesh,BJP
Sandhya Ray,Bhind,Madhya Pradesh,BJP
Alok Sharma,Bhopal,Madhya Pradesh,BJP
Bunty Vivek Sahu,Chhindwara,Madhya Pradesh,BJP
Rahul Singh Lodhi,Damoh,Madhya Pradesh,BJP
Ashish Dubey,Jabalpur,Madhya Pradesh,BJP
Gajendra Singh Patel,Khargone,Madhya Pradesh,BJP
Anita Nagarsingh Chouhan,Ratlam,Madhya Pradesh,BJP
Lata Wankhede,Sagar,Madhya Pradesh,BJP
Himadri Singh,Shahdol,Madhya Pradesh,BJP
Rajesh Mishra,Sidhi,Madhya Pradesh,BJP
Virendra Kumar,Tikamgarh,Madhya Pradesh,BJP
Shivraj Singh Chouhan,Vidisha,Madhya Pradesh,BJP
Prashant Yadaorao Padole,Bhandara-Gondiya,Maharashtra,INC
Balya Mama Suresh Gopinath Mhatre,Bhiwandi,Maharashtra,NCPSP
Dhanorkar Pratibha Suresh,Chandrapur,Maharashtra,INC
Aashtikar Patil Nagesh Bapurao,Hingoli,Maharashtra,SHSUBT
Smita Uday Wagh,Jalgaon,Maharashtra,BJP
Kalyan Vaijinathrao Kale,Jalna,Maharashtra,INC
Shahu Shahaji Chhatrapati,Kolhapur,Maharashtra,INC
Piyush Vedprakash Goyal,Mumbai North,Maharashtra,BJP
Nitin Jairam Gadkari,Nagpur,Maharashtra,BJP
Gowaal Kagada Padavi,Nandurbar,Maharashtra,INC
Rajabhau Parag Prakash Waje,Nashik,Maharashtra,SHSUBT
Hemant Vishnu Savara,Palghar,Maharashtra,BJP
Murlidhar Mohol,Pune,Maharashtra,BJP
Shyamkumar Daulat Barve,Ramtek,Maharashtra,INC
Narayan Tatu Rane,Ratnagiri-Sindhudurg,Maharashtra,BJP
Udayanraje Pratapsinha Maharaj Bhonsle,Satara,Maharashtra,BJP
Bhausaheb Rajaram Wakchaure,Shirdi,Maharashtra,SHSUBT
Sanjay Uttamrao Deshmukh,Yavatmal-Washim,Maharashtra,SHSUBT
Angomcha Bimol Akoijam,Inner Manipur,Manipur,INC
Alfred Kanngam S Arthur,Outer Manipur,Manipur,INC
Saleng A Sangma,Tura,Meghalaya,INC
Richard Vanlalhmangaiha,Mizoram,Mizoram,ZPM
S Supongmeren Jamir,Nagaland,Nagaland,INC
Pradeep Purohit,Bargarh,Odisha,BJP
Pradeep Kumar Panigrahy,Berhampur,Odisha,BJP
Rudra Narayan Pany,Dhenkanal,Odisha,BJP
Rabindra Narayan Behera,Jajpur,Odisha,BJP
Malvika Devi,Kalahandi,Odisha,BJP
Balabhadra Majhi,Nabarangpur,Odisha,BJP
Dharmendra Pradhan,Sambalpur,Odisha,BJP
Ve Vaithilingam,Puducherry,Puducherry,INC
Gurjeet Singh Aujla,Amritsar,Punjab,INC
Malvinder Singh Kang,Anandpur Sahib,Punjab,AAP
Sarabjeet Singh Khalsa,Faridkot,Punjab,Ind.
Sukhjinder Singh Randhawa,Gurdaspur,Punjab,INC
Amritpal Singh,Khadoor Sahib,Punjab,Ind.
Amrinder Singh Raja Warring,Ludhiana,Punjab,INC
Bhagirath Choudhary,Ajmer,Rajasthan,BJP
Bhupender Yadav,Alwar,Rajasthan,BJP
Rajkumar Roat,Banswara,Rajasthan,BAP
Ummeda Ram Beniwal,Barmer,Rajasthan,INC
Damodar Agrawal,Bhilwara,Rajasthan,BJP
Arjun Ram Meghwal,Bikaner,Rajasthan,BJP
Manju Sharma,Jaipur,Rajasthan,BJP
Bhajan Lal Jatav,Karauli-Dholpur,Rajasthan,INC
Amra Ram,Sikar,Rajasthan,CPI(M)
Indra Hang Subba,Sikkim,Sikkim,SKM
Tharaniventhan M S,Arani,Tamil Nadu,DMK
Dayanidhi Maran,Chennai Central,Tamil Nadu,DMK
Thirumaavalavan Tholkappiyan,Chidambaram,Tamil Nadu,VCK
Ganapathy Rajkumar P,Coimbatore,Tamil Nadu,DMK
Sachithanantham R,Dindigul,Tamil Nadu,CPI(M)
K E Prakash,Erode,Tamil Nadu,DMK
Malaiyarasan D,Kallakurichi,Tamil Nadu,DMK
K Gopinath,Krishnagiri,Tamil Nadu,INC
Matheswaran V S,Namakkal,Tamil Nadu,DMK
Arun Nehru,Perambalur,Tamil Nadu,DMK
Eswarasamy K,Pollachi,Tamil Nadu,DMK
Navaskani K,Ramanathapuram,Tamil Nadu,IUML
Selvaganapathi T.M.,Salem,Tamil Nadu,DMK
T R Baalu,Sriperumbudur,Tamil Nadu,DMK
Rani Srikumar,Tenkasi,Tamil Nadu,DMK
Murasoli S,Thanjavur,Tamil Nadu,DMK
Thanga Tamilselvan,Theni,Tamil Nadu,DMK
Kanimozhi Karunanidhi,Thoothukkudi,Tamil Nadu,DMK
Robert Bruce C,Tirunelveli,Tamil Nadu,INC
Sasikanth Senthil,Tiruvallur,Tamil Nadu,INC
D M Kathir Anand,Vellore,Tamil Nadu,DMK
D Ravi Kumar,Viluppuram,Tamil Nadu,VCK
Godam Nagesh,Adilabad,Telangana,BJP
Chamala Kiran Kumar Reddy,Bhongir,Telangana,INC
Konda Vishweshwar Reddy,Chevella,Telangana,BJP
Bandi Sanjay Kumar,Karimnagar,Telangana,BJP
D K Aruna,Mahbubnagar,Telangana,BJP
Eatala Rajender,Malkajgiri,Telangana,BJP
Mallu Ravi,Nagarkurnool,Telangana,INC
Vamsi Krishna Gaddam,Peddapalle,Telangana,INC
G Kishan Reddy,Secunderabad,Telangana,BJP
Kadiyam Kavya,Warangal,Telangana,INC
S P Singh Baghel,Agra,Uttar Pradesh,BJP
Devendra Singh Alias Bhole Singh,Akbarpur,Uttar Pradesh,BJP
Satish Kumar Gautam,Aligarh,Uttar Pradesh,BJP
Kishori Lal,Amethi,Uttar Pradesh,INC
Neeraj Maurya,Aonla,Uttar Pradesh,SP
Aditya Yadav,Badaun,Uttar Pradesh,SP
Anand Kumar,Bahraich,Uttar Pradesh,BJP
Krishna Devi Shivshankar Patel,Banda,Uttar Pradesh,SP
Tanuj Punia,Barabanki,Uttar Pradesh,INC
Chhatrapal Singh Gangwar,Bareilly,Uttar Pradesh,BJP
Ram Prasad Chaudhary,Basti,Uttar Pradesh,SP
Shashank Mani,Deoria,Uttar Pradesh,BJP
Anand Bhadauria,Dhaurahra,Uttar Pradesh,SP
Devesh Shakya,Etah,Uttar Pradesh,SP
Jitendra Kumar Dohare,Etawah,Uttar Pradesh,SP
Awadhesh Prasad,Faizabad,Uttar Pradesh,SP
Mukesh Rajput,Farrukhabad,Uttar Pradesh,BJP
Naresh Chandra Uttam Patel,Fatehpur,Uttar Pradesh,SP
Akshay Yadav,Firozabad,Uttar Pradesh,SP
Mahesh Sharma,Gautam Buddha Nagar,Uttar Pradesh,BJP
Atul Garg,Ghaziabad,Uttar Pradesh,BJP
Afzal Ansari,Ghazipur,Uttar Pradesh,SP
Ajendra Singh Lodhi,Hamirpur,Uttar Pradesh,SP
Jai Prakash,Hardoi,Uttar Pradesh,BJP
Narayandas Ahirwar,Jalaun,Uttar Pradesh,SP
Karan Bhushan Singh,Kaiserganj,Uttar Pradesh,BJP
Akhilesh Yadav,Kannauj,Uttar Pradesh,SP
Pushpendra Saroj,Kaushambi,Uttar Pradesh,SP
Utkarsh Verma Madhur,Kheri,Uttar Pradesh,SP
Daroga Prasad Saroj,Lalganj,Uttar Pradesh,SP
Rajnath Singh,Lucknow,Uttar Pradesh,BJP
Priya Saroj,Machhlishahr,Uttar Pradesh,SP
Dimple Yadav,Mainpuri,Uttar Pradesh,SP
Arun Govil,Meerut,Uttar Pradesh,BJP
Anupriya Patel,Mirzapur,Uttar Pradesh,AD
Ashok Kumar Rawat,Misrikh,Uttar Pradesh,BJP
R K Chaudhary,Mohanlalganj,Uttar Pradesh,SP
Harendra Singh Malik,Muzaffarnagar,Uttar Pradesh,SP
Chandra Shekhar,Nagina,Uttar Pradesh,A
Jitin Prasada,Pilibhit,Uttar Pradesh,BJP
Shiv Pal Singh Patel,Pratapgarh,Uttar Pradesh,SP
Rahul Gandhi,Rae Bareli,Uttar Pradesh,INC
Mohibbullah,Rampur,Uttar Pradesh,SP
Chhotelal,Robertsganj,Uttar Pradesh,SP
Imran Masood,Saharanpur,Uttar Pradesh,INC
Ramashankar Vidharthi Rajbhar,Salempur,Uttar Pradesh,SP
Laxmikant Pappu Nishad,Sant Kabir Nagar,Uttar Pradesh,SP
Arun Kumar Sagar,Shahjahanpur,Uttar Pradesh,BJP
Rakesh Rathor,Sitapur,Uttar Pradesh,INC
Rambhual Nishad,Sultanpur,Uttar Pradesh,SP
Swami Sachidanand Hari Sakshi,Unnao,Uttar Pradesh,BJP
Narendra Modi,Varanasi,Uttar Pradesh,BJP
Ajay Tamta,Almora,Uttarakhand,BJP
Anil Baluni,Garhwal,Uttarakhand,BJP
Ajay Bhatt,Nainital-Udhamsingh Nagar,Uttarakhand,BJP
Mala Rajya Laxmi Shah,Tehri Garhwal,Uttarakhand,BJP
Manoj Tigga,Alipurduars,West Bengal,BJP
Bag Mitali,Arambag,West Bengal,AITC
Shatrughan Prasad Sinha,Asansol,West Bengal,AITC
Shantanu Thakur,Bangaon,West Bengal,BJP
Kakoli Ghosh Dastidar,Barasat,West Bengal,AITC
Sharmila Sarkar,Bardhaman Purba,West Bengal,AITC
Partha Bhowmick,Barrackpur,West Bengal,AITC
Satabdi Roy,Birbhum,West Bengal,AITC
Saumitra Khan,Bishnupur,West Bengal,BJP
Asit Kumar Mal,Bolpur,West Bengal,AITC
Sougata Ray,Dum Dum,West Bengal,AITC
Prasun Banerjee,Howrah,West Bengal,AITC
Jayanta Kumar Roy,Jalpaiguri,West Bengal,BJP
Pratima Mondal,Jaynagar,West Bengal,AITC
Kalipada Saren Kherwal,Jhargram,West Bengal,AITC
Adhikari Soumendu,Kanthi,West Bengal,BJP
Mala Roy,Kolkata Dakshin,West Bengal,AITC
Sudip Bandyopadhyay,Kolkata Uttar,West Bengal,AITC
Mahua Moitra,Krishnanagar,West Bengal,AITC
Isha Khan Choudhury,Maldaha Dakshin,West Bengal,INC
Bapi Haldar,Mathurapur,West Bengal,AITC
June Maliah,Medinipur,West Bengal,AITC
Abu Taher Khan,Murshidabad,West Bengal,AITC
Kartick Chandra Paul,Raiganj,West Bengal,BJP
Abhijit Gangopadhyay,Tamluk,West Bengal,BJP
